FileName, CommitSha
sentinel-deployment.config,d0176f11505175ced27cc0d3ede6f708fe7e120e
Detections/Sample/Bicep/MalformedUserAgents.bicep,039368e8cc1540fb41f34d6f966bf73e89f09abb
Detections/Sample/ARM/imProcess_NOBELIUM_SuspiciousRundll32Exec.json,0ac47f62be8d0fe9152367ac42415cb52bd14ae4
Detections/Sample/Bicep/imProcess_NOBELIUM_SuspiciousRundll32Exec.bicep,247da7563978e813f6cfc41a9e5538135e52058b
Detections/Sample/Bicep/PaloAlto-PortScanning.bicep,86402948e0d294e5ce7c893b71feef4918429351
Detections/Sample/Bicep/PasswordSpray.bicep,5feb72ca9415be12ecdb825bb520543eb8d1be9c
Detections/Sample/ARM/PasswordSpray.json,9190e34e9b54db53303efe49488cf5cf8c245b1c
Detections/Sample/ARM/PaloAlto-PortScanning.json,2c192f812fefe77f21c705f233952461c0b149d7
Detections/Sample/ARM/MalformedUserAgents.json,ee6bc4e38e526f390b1936c568cf54dba43c2e9f

